,Estudiante_ID,Nota_Matemáticas,Nota_Lenguaje,Nota_Ciencias,Promedio_Notas
12,13,83.41,93.34,94.46,90.40333333333332
74,75,70.98,86.37,98.78,85.37666666666667
178,179,93.74,96.98,76.34,89.02
220,221,66.1,93.9,95.14,85.04666666666667
248,249,96.4,90.74,92.16,93.09999999999998
305,306,97.61,73.91,87.23,86.25
313,314,96.3,92.16,81.91,90.12333333333333
471,472,97.02,93.75,74.11,88.29333333333334
